
drop database simple_boletos;



create database if not exists simple_boletos default charset=utf8;

use simple_boletos;

CREATE TABLE if not exists eventos (
  id int unsigned NOT NULL AUTO_INCREMENT,
  evento_id varchar(20) NOT NULL DEFAULT '',
  disponibles int NOT NULL default 0,
  PRIMARY KEY (id),
  UNIQUE KEY kueventos (evento_id)
) ENGINE=InnoDB DEFAULT CHARSET=utf8;



CREATE TABLE if not exists zonas (
  id int unsigned NOT NULL AUTO_INCREMENT,
  zona_id varchar(20) NOT NULL DEFAULT '',
  disponibles int NOT NULL default 0,
  PRIMARY KEY (id),
  UNIQUE KEY kuzonas (zona_id)
) ENGINE=InnoDB DEFAULT CHARSET=utf8;

CREATE TABLE if not exists secciones (
  id int unsigned NOT NULL AUTO_INCREMENT,
  seccion_id varchar(20) NOT NULL DEFAULT '',
  disponibles int NOT NULL default 0,
  PRIMARY KEY (id),
  UNIQUE KEY kusecciones (seccion_id)
) ENGINE=InnoDB DEFAULT CHARSET=utf8;

CREATE TABLE if not exists ordenes (
  id int unsigned NOT NULL AUTO_INCREMENT,
  ws_orden_id char(32) NOT NULL DEFAULT '',
  correo varchar(50) NOT NULL DEFAULT '',
  PRIMARY KEY (id),
  UNIQUE KEY kuws_orden_id (ws_orden_id),
  KEY kucorreo (correo)
) ENGINE=InnoDB DEFAULT CHARSET=utf8;

CREATE TABLE if not exists lugares (
  id int unsigned NOT NULL AUTO_INCREMENT,
  lugar_id varchar(20) NOT NULL DEFAULT '',
  disponible int NOT NULL default 1,
  evento_id varchar(20) not null default '',
  zona_id varchar(20) NOT NULL DEFAULT '',
  seccion_id varchar(20) NOT NULL DEFAULT '',
  ws_client_id char(32) NOT NULL DEFAULT '',
  ws_orden_id char(32) NOT NULL DEFAULT '',
 PRIMARY KEY (id),
  UNIQUE KEY kulugares (lugar_id),
  KEY kulugares_evento (evento_id),
  KEY kulugares_zona (zona_id),
  KEY kulugares_seccion (seccion_id),
  KEY kulugares_client_id (ws_client_id),
  KEY kulugares_orden_id (ws_orden_id)
) ENGINE=InnoDB DEFAULT CHARSET=utf8;

CREATE TABLE if not exists conexiones (
  correo varchar(50) NOT NULL DEFAULT '',
  ws_client_id char(32) NOT NULL DEFAULT '',
  session_id char(32) NOT NULL default '',
  token char(32) NOT NULL default '',
  evento_id varchar(20) not null default '',
  zona_id varchar(20) NOT NULL DEFAULT '',
  seccion_id varchar(20) NOT NULL DEFAULT '',
  totbol int NOT NULL default 0,
  PRIMARY KEY (correo,ws_client_id,session_id,token),
  UNIQUE KEY (correo,ws_client_id)
) ENGINE=InnoDB DEFAULT CHARSET=utf8;

CREATE TABLE if not exists registro (
  correo varchar(50) NOT NULL DEFAULT '',
  password char(32) NOT NULL DEFAULT '',
 PRIMARY KEY (correo)
) ENGINE=InnoDB DEFAULT CHARSET=utf8;

insert into registro (correo,password) values ('joshua71@yahoo.com',md5('1')),
('joshua72@yahoo.com',md5('1')),('arivera@gmail.com',md5('1')),('hmoreno@gmail.com',md5('1')),('rmorfin@gmail.com',md5('1'));

insert into eventos (evento_id) values('PRUEBA1'),('PRUEBA2');
insert into zonas (zona_id) values ('A'),('B'),('C');
insert into secciones (seccion_id) values ('S1'),('S2'),('S3'),('S4'),('S5'),('S6');
insert into lugares (evento_id,zona_id,seccion_id,lugar_id) values
	('PRUEBA1','A','S1','PRUEBA1-A-S1-A-1'),
	('PRUEBA1','A','S1','PRUEBA1-A-S1-A-2'),
	('PRUEBA1','A','S1','PRUEBA1-A-S1-A-3'),
	('PRUEBA1','A','S1','PRUEBA1-A-S1-A-4'),
	('PRUEBA1','A','S1','PRUEBA1-A-S1-A-5'),
	('PRUEBA1','A','S1','PRUEBA1-A-S1-A-6'),
	('PRUEBA1','A','S1','PRUEBA1-A-S1-A-7'),
	('PRUEBA1','A','S1','PRUEBA1-A-S1-A-8'),
	('PRUEBA1','A','S1','PRUEBA1-A-S1-A-9'),
	('PRUEBA1','A','S1','PRUEBA1-A-S1-A-10'),
	('PRUEBA1','A','S1','PRUEBA1-A-S1-A-11'),
	('PRUEBA1','A','S1','PRUEBA1-A-S1-A-12'),
	('PRUEBA1','A','S1','PRUEBA1-A-S1-A-13'),
	('PRUEBA1','A','S1','PRUEBA1-A-S1-A-14'),
	('PRUEBA1','A','S1','PRUEBA1-A-S1-A-15'),
	('PRUEBA1','A','S1','PRUEBA1-A-S1-A-16'),
	('PRUEBA1','A','S1','PRUEBA1-A-S1-A-17'),
	('PRUEBA1','A','S1','PRUEBA1-A-S1-A-18'),
	('PRUEBA1','A','S1','PRUEBA1-A-S1-A-19'),
	('PRUEBA1','A','S1','PRUEBA1-A-S1-A-20'),

	('PRUEBA1','A','S2','PRUEBA1-A-S2-A-1'),
	('PRUEBA1','A','S2','PRUEBA1-A-S2-A-2'),
	('PRUEBA1','A','S2','PRUEBA1-A-S2-A-3'),
	('PRUEBA1','A','S2','PRUEBA1-A-S2-A-4'),
	('PRUEBA1','A','S2','PRUEBA1-A-S2-A-5'),
	('PRUEBA1','A','S2','PRUEBA1-A-S2-A-6'),
	('PRUEBA1','A','S2','PRUEBA1-A-S2-A-7'),
	('PRUEBA1','A','S2','PRUEBA1-A-S2-A-8'),
	('PRUEBA1','A','S2','PRUEBA1-A-S2-A-9'),
	('PRUEBA1','A','S2','PRUEBA1-A-S2-A-10'),
	('PRUEBA1','A','S2','PRUEBA1-A-S2-A-11'),
	('PRUEBA1','A','S2','PRUEBA1-A-S2-A-12'),
	('PRUEBA1','A','S2','PRUEBA1-A-S2-A-13'),
	('PRUEBA1','A','S2','PRUEBA1-A-S2-A-14'),
	('PRUEBA1','A','S2','PRUEBA1-A-S2-A-15'),
	('PRUEBA1','A','S2','PRUEBA1-A-S2-A-16'),
	('PRUEBA1','A','S2','PRUEBA1-A-S2-A-17'),
	('PRUEBA1','A','S2','PRUEBA1-A-S2-A-18'),
	('PRUEBA1','A','S2','PRUEBA1-A-S2-A-19'),
	('PRUEBA1','A','S2','PRUEBA1-A-S2-A-20'),

	('PRUEBA1','B','S3','PRUEBA1-B-S3-A-1'),
	('PRUEBA1','B','S3','PRUEBA1-B-S3-A-2'),
	('PRUEBA1','B','S3','PRUEBA1-B-S3-A-3'),
	('PRUEBA1','B','S3','PRUEBA1-B-S3-A-4'),
	('PRUEBA1','B','S3','PRUEBA1-B-S3-A-5'),
	('PRUEBA1','B','S3','PRUEBA1-B-S3-A-6'),
	('PRUEBA1','B','S3','PRUEBA1-B-S3-A-7'),
	('PRUEBA1','B','S3','PRUEBA1-B-S3-A-8'),
	('PRUEBA1','B','S3','PRUEBA1-B-S3-A-9'),
	('PRUEBA1','B','S3','PRUEBA1-B-S3-A-10'),
	('PRUEBA1','B','S3','PRUEBA1-B-S3-A-11'),
	('PRUEBA1','B','S3','PRUEBA1-B-S3-A-12'),
	('PRUEBA1','B','S3','PRUEBA1-B-S3-A-13'),
	('PRUEBA1','B','S3','PRUEBA1-B-S3-A-14'),
	('PRUEBA1','B','S3','PRUEBA1-B-S3-A-15'),
	('PRUEBA1','B','S3','PRUEBA1-B-S3-A-16'),
	('PRUEBA1','B','S3','PRUEBA1-B-S3-A-17'),
	('PRUEBA1','B','S3','PRUEBA1-B-S3-A-18'),
	('PRUEBA1','B','S3','PRUEBA1-B-S3-A-19'),
	('PRUEBA1','B','S3','PRUEBA1-B-S3-A-20'),
	
	('PRUEBA1','B','S4','PRUEBA1-B-S4-A-1'),
	('PRUEBA1','B','S4','PRUEBA1-B-S4-A-2'),
	('PRUEBA1','B','S4','PRUEBA1-B-S4-A-3'),
	('PRUEBA1','B','S4','PRUEBA1-B-S4-A-4'),
	('PRUEBA1','B','S4','PRUEBA1-B-S4-A-5'),
	('PRUEBA1','B','S4','PRUEBA1-B-S4-A-6'),
	('PRUEBA1','B','S4','PRUEBA1-B-S4-A-7'),
	('PRUEBA1','B','S4','PRUEBA1-B-S4-A-8'),
	('PRUEBA1','B','S4','PRUEBA1-B-S4-A-9'),
	('PRUEBA1','B','S4','PRUEBA1-B-S4-A-10'),
	('PRUEBA1','B','S4','PRUEBA1-B-S4-A-11'),
	('PRUEBA1','B','S4','PRUEBA1-B-S4-A-12'),
	('PRUEBA1','B','S4','PRUEBA1-B-S4-A-13'),
	('PRUEBA1','B','S4','PRUEBA1-B-S4-A-14'),
	('PRUEBA1','B','S4','PRUEBA1-B-S4-A-15'),
	('PRUEBA1','B','S4','PRUEBA1-B-S4-A-16'),
	('PRUEBA1','B','S4','PRUEBA1-B-S4-A-17'),
	('PRUEBA1','B','S4','PRUEBA1-B-S4-A-18'),
	('PRUEBA1','B','S4','PRUEBA1-B-S4-A-19'),
	('PRUEBA1','B','S4','PRUEBA1-B-S4-A-20'),
	
	('PRUEBA1','C','S5','PRUEBA1-C-S5-A-1'),
	('PRUEBA1','C','S5','PRUEBA1-C-S5-A-2'),
	('PRUEBA1','C','S5','PRUEBA1-C-S5-A-3'),
	('PRUEBA1','C','S5','PRUEBA1-C-S5-A-4'),
	('PRUEBA1','C','S5','PRUEBA1-C-S5-A-5'),
	('PRUEBA1','C','S5','PRUEBA1-C-S5-A-6'),
	('PRUEBA1','C','S5','PRUEBA1-C-S5-A-7'),
	('PRUEBA1','C','S5','PRUEBA1-C-S5-A-8'),
	('PRUEBA1','C','S5','PRUEBA1-C-S5-A-9'),
	('PRUEBA1','C','S5','PRUEBA1-C-S5-A-10'),
	('PRUEBA1','C','S5','PRUEBA1-C-S5-A-11'),
	('PRUEBA1','C','S5','PRUEBA1-C-S5-A-12'),
	('PRUEBA1','C','S5','PRUEBA1-C-S5-A-13'),
	('PRUEBA1','C','S5','PRUEBA1-C-S5-A-14'),
	('PRUEBA1','C','S5','PRUEBA1-C-S5-A-15'),
	('PRUEBA1','C','S5','PRUEBA1-C-S5-A-16'),
	('PRUEBA1','C','S5','PRUEBA1-C-S5-A-17'),
	('PRUEBA1','C','S5','PRUEBA1-C-S5-A-18'),
	('PRUEBA1','C','S5','PRUEBA1-C-S5-A-19'),
	('PRUEBA1','C','S5','PRUEBA1-C-S5-A-20'),
	
	('PRUEBA1','C','S6','PRUEBA1-C-S6-A-1'),
	('PRUEBA1','C','S6','PRUEBA1-C-S6-A-2'),
	('PRUEBA1','C','S6','PRUEBA1-C-S6-A-3'),
	('PRUEBA1','C','S6','PRUEBA1-C-S6-A-4'),
	('PRUEBA1','C','S6','PRUEBA1-C-S6-A-5'),
	('PRUEBA1','C','S6','PRUEBA1-C-S6-A-6'),
	('PRUEBA1','C','S6','PRUEBA1-C-S6-A-7'),
	('PRUEBA1','C','S6','PRUEBA1-C-S6-A-8'),
	('PRUEBA1','C','S6','PRUEBA1-C-S6-A-9'),
	('PRUEBA1','C','S6','PRUEBA1-C-S6-A-10'),
	('PRUEBA1','C','S6','PRUEBA1-C-S6-A-11'),
	('PRUEBA1','C','S6','PRUEBA1-C-S6-A-12'),
	('PRUEBA1','C','S6','PRUEBA1-C-S6-A-13'),
	('PRUEBA1','C','S6','PRUEBA1-C-S6-A-14'),
	('PRUEBA1','C','S6','PRUEBA1-C-S6-A-15'),
	('PRUEBA1','C','S6','PRUEBA1-C-S6-A-16'),
	('PRUEBA1','C','S6','PRUEBA1-C-S6-A-17'),
	('PRUEBA1','C','S6','PRUEBA1-C-S6-A-18'),
	('PRUEBA1','C','S6','PRUEBA1-C-S6-A-19'),
	('PRUEBA1','C','S6','PRUEBA1-C-S6-A-20'),

	('PRUEBA2','A','S1','PRUEBA2-A-S1-A-1'),
	('PRUEBA2','A','S1','PRUEBA2-A-S1-A-2'),
	('PRUEBA2','A','S1','PRUEBA2-A-S1-A-3'),
	('PRUEBA2','A','S1','PRUEBA2-A-S1-A-4'),
	('PRUEBA2','A','S1','PRUEBA2-A-S1-A-5'),
	('PRUEBA2','A','S1','PRUEBA2-A-S1-A-6'),
	('PRUEBA2','A','S1','PRUEBA2-A-S1-A-7'),
	('PRUEBA2','A','S1','PRUEBA2-A-S1-A-8'),
	('PRUEBA2','A','S1','PRUEBA2-A-S1-A-9'),
	('PRUEBA2','A','S1','PRUEBA2-A-S1-A-10'),
	('PRUEBA2','A','S1','PRUEBA2-A-S1-A-11'),
	('PRUEBA2','A','S1','PRUEBA2-A-S1-A-12'),
	('PRUEBA2','A','S1','PRUEBA2-A-S1-A-13'),
	('PRUEBA2','A','S1','PRUEBA2-A-S1-A-14'),
	('PRUEBA2','A','S1','PRUEBA2-A-S1-A-15'),
	('PRUEBA2','A','S1','PRUEBA2-A-S1-A-16'),
	('PRUEBA2','A','S1','PRUEBA2-A-S1-A-17'),
	('PRUEBA2','A','S1','PRUEBA2-A-S1-A-18'),
	('PRUEBA2','A','S1','PRUEBA2-A-S1-A-19'),
	('PRUEBA2','A','S1','PRUEBA2-A-S1-A-20'),

	('PRUEBA2','A','S2','PRUEBA2-A-S2-A-1'),
	('PRUEBA2','A','S2','PRUEBA2-A-S2-A-2'),
	('PRUEBA2','A','S2','PRUEBA2-A-S2-A-3'),
	('PRUEBA2','A','S2','PRUEBA2-A-S2-A-4'),
	('PRUEBA2','A','S2','PRUEBA2-A-S2-A-5'),
	('PRUEBA2','A','S2','PRUEBA2-A-S2-A-6'),
	('PRUEBA2','A','S2','PRUEBA2-A-S2-A-7'),
	('PRUEBA2','A','S2','PRUEBA2-A-S2-A-8'),
	('PRUEBA2','A','S2','PRUEBA2-A-S2-A-9'),
	('PRUEBA2','A','S2','PRUEBA2-A-S2-A-10'),
	('PRUEBA2','A','S2','PRUEBA2-A-S2-A-11'),
	('PRUEBA2','A','S2','PRUEBA2-A-S2-A-12'),
	('PRUEBA2','A','S2','PRUEBA2-A-S2-A-13'),
	('PRUEBA2','A','S2','PRUEBA2-A-S2-A-14'),
	('PRUEBA2','A','S2','PRUEBA2-A-S2-A-15'),
	('PRUEBA2','A','S2','PRUEBA2-A-S2-A-16'),
	('PRUEBA2','A','S2','PRUEBA2-A-S2-A-17'),
	('PRUEBA2','A','S2','PRUEBA2-A-S2-A-18'),
	('PRUEBA2','A','S2','PRUEBA2-A-S2-A-19'),
	('PRUEBA2','A','S2','PRUEBA2-A-S2-A-20'),

	('PRUEBA2','B','S3','PRUEBA2-B-S3-A-1'),
	('PRUEBA2','B','S3','PRUEBA2-B-S3-A-2'),
	('PRUEBA2','B','S3','PRUEBA2-B-S3-A-3'),
	('PRUEBA2','B','S3','PRUEBA2-B-S3-A-4'),
	('PRUEBA2','B','S3','PRUEBA2-B-S3-A-5'),
	('PRUEBA2','B','S3','PRUEBA2-B-S3-A-6'),
	('PRUEBA2','B','S3','PRUEBA2-B-S3-A-7'),
	('PRUEBA2','B','S3','PRUEBA2-B-S3-A-8'),
	('PRUEBA2','B','S3','PRUEBA2-B-S3-A-9'),
	('PRUEBA2','B','S3','PRUEBA2-B-S3-A-10'),
	('PRUEBA2','B','S3','PRUEBA2-B-S3-A-11'),
	('PRUEBA2','B','S3','PRUEBA2-B-S3-A-12'),
	('PRUEBA2','B','S3','PRUEBA2-B-S3-A-13'),
	('PRUEBA2','B','S3','PRUEBA2-B-S3-A-14'),
	('PRUEBA2','B','S3','PRUEBA2-B-S3-A-15'),
	('PRUEBA2','B','S3','PRUEBA2-B-S3-A-16'),
	('PRUEBA2','B','S3','PRUEBA2-B-S3-A-17'),
	('PRUEBA2','B','S3','PRUEBA2-B-S3-A-18'),
	('PRUEBA2','B','S3','PRUEBA2-B-S3-A-19'),
	('PRUEBA2','B','S3','PRUEBA2-B-S3-A-20'),
	
	('PRUEBA2','B','S4','PRUEBA2-B-S4-A-1'),
	('PRUEBA2','B','S4','PRUEBA2-B-S4-A-2'),
	('PRUEBA2','B','S4','PRUEBA2-B-S4-A-3'),
	('PRUEBA2','B','S4','PRUEBA2-B-S4-A-4'),
	('PRUEBA2','B','S4','PRUEBA2-B-S4-A-5'),
	('PRUEBA2','B','S4','PRUEBA2-B-S4-A-6'),
	('PRUEBA2','B','S4','PRUEBA2-B-S4-A-7'),
	('PRUEBA2','B','S4','PRUEBA2-B-S4-A-8'),
	('PRUEBA2','B','S4','PRUEBA2-B-S4-A-9'),
	('PRUEBA2','B','S4','PRUEBA2-B-S4-A-10'),
	('PRUEBA2','B','S4','PRUEBA2-B-S4-A-11'),
	('PRUEBA2','B','S4','PRUEBA2-B-S4-A-12'),
	('PRUEBA2','B','S4','PRUEBA2-B-S4-A-13'),
	('PRUEBA2','B','S4','PRUEBA2-B-S4-A-14'),
	('PRUEBA2','B','S4','PRUEBA2-B-S4-A-15'),
	('PRUEBA2','B','S4','PRUEBA2-B-S4-A-16'),
	('PRUEBA2','B','S4','PRUEBA2-B-S4-A-17'),
	('PRUEBA2','B','S4','PRUEBA2-B-S4-A-18'),
	('PRUEBA2','B','S4','PRUEBA2-B-S4-A-19'),
	('PRUEBA2','B','S4','PRUEBA2-B-S4-A-20'),
	
	('PRUEBA2','C','S5','PRUEBA2-C-S5-A-1'),
	('PRUEBA2','C','S5','PRUEBA2-C-S5-A-2'),
	('PRUEBA2','C','S5','PRUEBA2-C-S5-A-3'),
	('PRUEBA2','C','S5','PRUEBA2-C-S5-A-4'),
	('PRUEBA2','C','S5','PRUEBA2-C-S5-A-5'),
	('PRUEBA2','C','S5','PRUEBA2-C-S5-A-6'),
	('PRUEBA2','C','S5','PRUEBA2-C-S5-A-7'),
	('PRUEBA2','C','S5','PRUEBA2-C-S5-A-8'),
	('PRUEBA2','C','S5','PRUEBA2-C-S5-A-9'),
	('PRUEBA2','C','S5','PRUEBA2-C-S5-A-10'),
	('PRUEBA2','C','S5','PRUEBA2-C-S5-A-11'),
	('PRUEBA2','C','S5','PRUEBA2-C-S5-A-12'),
	('PRUEBA2','C','S5','PRUEBA2-C-S5-A-13'),
	('PRUEBA2','C','S5','PRUEBA2-C-S5-A-14'),
	('PRUEBA2','C','S5','PRUEBA2-C-S5-A-15'),
	('PRUEBA2','C','S5','PRUEBA2-C-S5-A-16'),
	('PRUEBA2','C','S5','PRUEBA2-C-S5-A-17'),
	('PRUEBA2','C','S5','PRUEBA2-C-S5-A-18'),
	('PRUEBA2','C','S5','PRUEBA2-C-S5-A-19'),
	('PRUEBA2','C','S5','PRUEBA2-C-S5-A-20'),
	
	('PRUEBA2','C','S6','PRUEBA2-C-S6-A-1'),
	('PRUEBA2','C','S6','PRUEBA2-C-S6-A-2'),
	('PRUEBA2','C','S6','PRUEBA2-C-S6-A-3'),
	('PRUEBA2','C','S6','PRUEBA2-C-S6-A-4'),
	('PRUEBA2','C','S6','PRUEBA2-C-S6-A-5'),
	('PRUEBA2','C','S6','PRUEBA2-C-S6-A-6'),
	('PRUEBA2','C','S6','PRUEBA2-C-S6-A-7'),
	('PRUEBA2','C','S6','PRUEBA2-C-S6-A-8'),
	('PRUEBA2','C','S6','PRUEBA2-C-S6-A-9'),
	('PRUEBA2','C','S6','PRUEBA2-C-S6-A-10'),
	('PRUEBA2','C','S6','PRUEBA2-C-S6-A-11'),
	('PRUEBA2','C','S6','PRUEBA2-C-S6-A-12'),
	('PRUEBA2','C','S6','PRUEBA2-C-S6-A-13'),
	('PRUEBA2','C','S6','PRUEBA2-C-S6-A-14'),
	('PRUEBA2','C','S6','PRUEBA2-C-S6-A-15'),
	('PRUEBA2','C','S6','PRUEBA2-C-S6-A-16'),
	('PRUEBA2','C','S6','PRUEBA2-C-S6-A-17'),
	('PRUEBA2','C','S6','PRUEBA2-C-S6-A-18'),
	('PRUEBA2','C','S6','PRUEBA2-C-S6-A-19'),
	('PRUEBA2','C','S6','PRUEBA2-C-S6-A-20')
	;

grant select,insert,update,delete on simple_boletos.* to 'simple'@'localhost';
FLUSH PRIVILEGES;
